1	Николай	Лаврентьев	714mexican732@mail.ru	+74911741649
2	Ганс	Варенников	icbfb53hackeriigac@mail.ru	+74820550118
3	Руслан	Лавров	i51tigeradda@mail.ru	+78519337901
4	Руслан	Родионов	dbh7favoraihih@gmail.com	+74821326858
5	Лев	Цирюльников	c9monk95@gmail.com	+74957781474
6	Алексей	Иванов	b3kv@ya.ru	+79001766227
7	Денис	Ложкин	dhd97hoplit2@mail.ru	+78513920743
8	Владимир	Варенников	ac64tigerdfeii@ya.ru	+79637120081
9	Станислав	Матюков	chahdzederd8@gmail.com	+78511992717
10	Николай	Ульянов	h2kv@mail.ru	+79001220620
11	Олег	Шеварнадзе	44monkhi62@mail.ru	+79231836472
12	Ахмат	Мельников	motobabh636@mail.ru	+79005679563
13	Дмитрий	Палкин	ghf453konig7@ya.ru	+79002645916
14	Дмитрий	Кириллов	egc496lodochnikf884@ya.ru	+79239174229
15	Кирилл	Сидоров	gihhopliti1@gmail.com	+74826770786
16	Леонид	Мельников	fhdc4hoplit0@mail.ru	+79230683930
17	Иосиф	Петров	gf0monkiig@gmail.com	+74916732485
18	Войцех	Варенников	if1favorehg@ya.ru	+79004847065
19	Николай	Ложкин	a05monk09@mail.ru	+79634936369
20	Лев	Лавров	ib32hoplit571@mail.ru	+74915179530
21	Алексей	Бельдыев	cf38hackerbfd459@ya.ru	+79230814263
22	Войцех	Тимчук	83camper9@mail.ru	+74821122627
23	Андрей	Матюков	2jokercfaa296@mail.ru	+79161998657
24	Павел	Князев	h143tigere962@mail.ru	+79637378425
25	Иван	Тимчук	ada069kvf438@ya.ru	+78517143633
26	Евгений	Кириллов	chhda60mexicangbei@ya.ru	+79638100747
27	Павел	Ложкин	zeder@mail.ru	+74820449535
28	Кирилл	Князев	fchh7monk485@gmail.com	+74959936846
29	Денис	Лавров	27moto@ya.ru	+74824580252
30	Дмитрий	Лавров	8lodochnikfib06@gmail.com	+74911490539
31	Олег	Тимчук	bbi180lodochnikaafa4@gmail.com	+74825857565
32	Иосиф	Шеварнадзе	bf140zedercad@ya.ru	+74956751148
33	Улугбек	Сидоров	ahekonigdfghh@gmail.com	+79169590752
34	Александр	Петров	2campercfeed@gmail.com	+79233970633
35	Кирилл	Шменин	iefg8zederig16@gmail.com	+74950171070
36	Алексей	Лаврентьев	dhackerdibgh@ya.ru	+79007239475
37	Александр	Ульянов	bcbf36zedered3@mail.ru	+79007018500
38	Александр	Шменин	cfkvdci73@mail.ru	+74957850550
39	Ганс	Шеварнадзе	gefe3zederbg@ya.ru	+79166871306
40	Иосиф	Сидоров	5tigergadh@mail.ru	+79231760383
41	Иосиф	Матюков	fbe004hoplit@gmail.com	+79000696042
42	Ганс	Петров	eegh69hoplit228@gmail.com	+74950660287
43	Кирилл	Ложкин	jokerh41@gmail.com	+79163179309
44	Ганс	Цирюльников	cf9kvbeh10@mail.ru	+74959738974
45	Олег	Князев	cfgecmonkgcedh44@ya.ru	+74911304388
46	Владимир	Мельников	g79kon445@ya.ru	+78513081199
47	Лев	Бельдыев	ib48hackerf12@gmail.com	+74824915002
48	Владимир	Мельников	tigerifaa@gmail.com	+74953419595
49	Иосиф	Палкин	ccgfjokerghbb7@mail.ru	+79167585618
50	Улугбек	Князев	bgba989zederhfh70@ya.ru	+79166558103
51	Владимир	Иванов	bi6joker309@gmail.com	+74951444917
52	Ганс	Кириллов	eege124jokerbic86@gmail.com	+78519637783
53	Иосиф	Иванов	ghackerb2@ya.ru	+74829994273
54	Ахмат	Шеварнадзе	eaaig65lodochnikaidce2@gmail.com	+79637611953
55	Кирилл	Петраускас	ciebahopliteia@mail.ru	+78510064328
56	Дмитрий	Родионов	0joker3@gmail.com	+79237209975
57	Войцех	Ложкин	eghi287hackerfh94@mail.ru	+74951394006
58	Павел	Лаврентьев	fh2jokerhf@gmail.com	+74827935759
59	Павел	Кириллов	feedg47hackere59@ya.ru	+74955503246
60	Иван	Кириллов	ddace4mexicancf02@mail.ru	+79231329030
61	Войцех	Шеварнадзе	iiadifavor154@ya.ru	+78511675804
62	Ян	Князев	fdibc49mexicanei669@gmail.com	+79165732869
63	Илья	Иванов	e94motodhcb02@ya.ru	+74956363485
64	Денис	Шменин	gec879hackerib579@mail.ru	+79161977448
65	Евгений	Цирюльников	dehf41jokereaec4@ya.ru	+78515897264
66	Алексей	Сидоров	d03kv@mail.ru	+79238848779
67	Николай	Лосев	924konighdd20@ya.ru	+79167245185
68	Павел	Петров	gf8lodochnikdeaae6@gmail.com	+79634306521
69	Евгений	Варенников	2konig@ya.ru	+79630387524
70	Александр	Лосев	ce7hoplitf@mail.ru	+74829778081
71	Леонид	Лаврентьев	bhiia46konigffiah@gmail.com	+79638281086
72	Денис	Матюков	ifh0konig333@ya.ru	+74956064571
73	Лев	Тимчук	ga92kondidbh@gmail.com	+79000191475
74	Алексей	Ложкин	d0zederbdif306@gmail.com	+79164667825
75	Иван	Лосев	egbb018konga0@gmail.com	+79008755087
76	Павел	Петраускас	g272kvfcceg63@ya.ru	+79631840364
77	Денис	Ульянов	fg3camperhegbc256@mail.ru	+74955207511
78	Дмитрий	Петров	gekondh@gmail.com	+79006457121
79	Илья	Ложкин	gcg376konig947@mail.ru	+78519936558
80	Ахмат	Цирюльников	dbaeg143konigh20@gmail.com	+74954606572
81	Войцех	Цирюльников	gbgde50monkf227@gmail.com	+79007005407
82	Илья	Лавров	eibh457camperg77@gmail.com	+79162221401
83	Леонид	Шменин	eebca337hacker25@ya.ru	+74822251277
84	Ахмат	Палкин	hi75kv69@mail.ru	+78517363295
85	Алексей	Цирюльников	fihlodochnik31@mail.ru	+79006838445
86	Улугбек	Матюков	adhccamperb@ya.ru	+79633337948
87	Павел	Иванов	d31tigerhfbdc@ya.ru	+79630688976
88	Ян	Сидоров	ib6jokerhbaf@gmail.com	+79005111687
89	Иосиф	Варенников	eacb663motogfa5@gmail.com	+79638769274
90	Ганс	Петраускас	faf383tigerbe6@gmail.com	+79007740717
91	Ганс	Петраускас	19mexicanb@ya.ru	+79231155354
92	Войцех	Сидоров	g22lodochnik176@ya.ru	+79232779409
93	Павел	Айтматов	achae737tigerfd59@ya.ru	+79161357028
94	Ян	Козловский	gc771motoe23@mail.ru	+74954233325
95	Лев	Палкин	ebizederabffh@gmail.com	+79001843202
96	Руслан	Лавров	gmotoeeag7@mail.ru	+74919788955
97	Ян	Кириллов	ghhackerfhah@mail.ru	+74915725631
98	Ахмат	Бельдыев	b300kv@mail.ru	+74822678412
99	Улугбек	Айтматов	gccc6jokerdci@mail.ru	+74959190646
100	Кирилл	Князев	bdg26zeder763@gmail.com	+79160993827
101	Александр	Айтматов	fai35lodochnikch@ya.ru	+79161007665
102	Иосиф	Лавров	bih06konigda@mail.ru	+79637828105
103	Николай	Бельдыев	e808lodochnikdfeaa4@gmail.com	+79160209123
104	Алексей	Шменин	mexicaneb@mail.ru	+78519640550
105	Владимир	Лаврентьев	dhdfg835favorf72@gmail.com	+74826000259
106	Андрей	Матюков	aeahoplitafh72@gmail.com	+79160554704
107	Алексей	Петраускас	dbda27kveef432@gmail.com	+74914611921
108	Ян	Тимчук	ig384favore@ya.ru	+74826386371
109	Иосиф	Сидоров	ecdgh644monkgbf719@ya.ru	+74913642115
110	Леонид	Бельдыев	aglodochnikhggdg990@ya.ru	+74911754092
111	Руслан	Козловский	eg6lodochnikig1@gmail.com	+78515677515
112	Лев	Палкин	acbac813lodochnikeiea76@ya.ru	+79637971470
113	Павел	Айтматов	if271hackerfcddf@mail.ru	+74954021185
114	Войцех	Князев	g554konig701@ya.ru	+79236925582
115	Олег	Палкин	clodochnikca95@ya.ru	+79007050836
116	Николай	Варенников	eebfi12mexicanid2@mail.ru	+79236741513
117	Николай	Иванов	ihh692hoplitcgba277@mail.ru	+74822496340
118	Ян	Ложкин	hh1tigeri825@ya.ru	+79002068714
119	Николай	Иванов	0motohb569@gmail.com	+74958314462
120	Владимир	Иванов	ccfe48lodochnikhcgh@gmail.com	+79230695033
121	Леонид	Кириллов	cdi51favorda8@mail.ru	+79004891895
122	Дмитрий	Петров	iggcgcamperbebdc047@gmail.com	+74914724657
123	Евгений	Айтматов	fd48camper95@mail.ru	+79163084372
124	Войцех	Тимчук	hagdb721mexicanehicd0@mail.ru	+74919056666
125	Николай	Лавров	faa303monkabde953@gmail.com	+79164446821
126	Ганс	Цирюльников	i575motogbce@ya.ru	+74917716539
127	Лев	Цирюльников	197zedergagb944@ya.ru	+74954974632
128	Владимир	Родионов	cfi35tigerd900@gmail.com	+74915487700
129	Дмитрий	Лаврентьев	ee07kvihf1@mail.ru	+79161993841
130	Николай	Князев	if52monkc@gmail.com	+79000988011
131	Леонид	Сидоров	c9tigere50@ya.ru	+78517600700
132	Станислав	Мельников	hiaecamperbgcbf3@mail.ru	+78511694507
133	Евгений	Лаврентьев	24monkfhbh3@gmail.com	+74910205688
134	Илья	Сидоров	kvcgf@ya.ru	+79165733611
135	Леонид	Варенников	ad591mexicanhcfid@mail.ru	+79638227816
136	Дмитрий	Кириллов	b28camperedgi887@ya.ru	+79637804752
137	Ахмат	Ложкин	ahhbf90hackeridbie@gmail.com	+79634025637
138	Ян	Цирюльников	gdhhe648favoraghca7@gmail.com	+74954415269
139	Денис	Матюков	gaii1hoplitfidd074@gmail.com	+79002689991
140	Станислав	Тимчук	didjokerbfef5@mail.ru	+79231970511
141	Владимир	Ульянов	ic87konahgch637@gmail.com	+79232989183
142	Улугбек	Айтматов	809hackerd0@ya.ru	+79638026201
143	Улугбек	Иванов	ffig5favorgehga@ya.ru	+79162359788
144	Олег	Ложкин	amotogci4@ya.ru	+79167472262
145	Владимир	Айтматов	ihamotoedd1@ya.ru	+74952171819
146	Ян	Шменин	ilodochnikdg54@ya.ru	+74919487131
147	Улугбек	Лаврентьев	eckon@mail.ru	+74822772231
148	Евгений	Ульянов	ie69kvfdhb368@gmail.com	+78517066783
149	Евгений	Князев	e24favor453@mail.ru	+79002405388
150	Александр	Ложкин	iddef03zederhac0@ya.ru	+79635230309
151	Войцех	Петраускас	bacgzederigg5@gmail.com	+79235089320
152	Николай	Козловский	gcebh011hoplitccai@ya.ru	+79639302511
153	Станислав	Кириллов	gbdzederdhdc@ya.ru	+74827078583
154	Лев	Мельников	a563monkce43@ya.ru	+79161353769
155	Иван	Шменин	dc714tigercbdcg4@gmail.com	+79230206653
156	Станислав	Князев	707jokerhb7@mail.ru	+79639541367
157	Ганс	Матюков	bed023motobbhf0@mail.ru	+74959256790
158	Иван	Варенников	ggcad98hackerhh@mail.ru	+78515830013
159	Павел	Петраускас	ekonhhac461@mail.ru	+74828061677
160	Павел	Петраускас	akong06@gmail.com	+79165975248
161	Иосиф	Цирюльников	faa5lodochnikchif21@ya.ru	+74912964127
162	Евгений	Шеварнадзе	920zederebie22@mail.ru	+78513396629
163	Ян	Шеварнадзе	hg316hoplitha7@mail.ru	+79630314789
164	Николай	Лаврентьев	eifhoplitdafa@gmail.com	+74918798056
165	Иосиф	Бельдыев	gi80tigera86@mail.ru	+79230018850
166	Павел	Козловский	fhb53monkh1@ya.ru	+79006425021
167	Ахмат	Петраускас	iebec09monkfci8@ya.ru	+74828026642
168	Войцех	Цирюльников	57camperee499@gmail.com	+78515229853
169	Войцех	Лаврентьев	023camperdhg35@mail.ru	+79230722954
170	Павел	Лаврентьев	dhackerih5@mail.ru	+79167915271
171	Денис	Козловский	fhc47konigddde@ya.ru	+79639614109
172	Лев	Лосев	4hoplithf4@gmail.com	+74822484049
173	Иосиф	Кириллов	difablodochnikbf@ya.ru	+78513997139
174	Ян	Цирюльников	iabkonigcffai208@ya.ru	+79169191516
175	Денис	Ложкин	bbdcd8konead590@gmail.com	+74822443598
176	Андрей	Тимчук	adccd04monkfeib400@ya.ru	+79005049105
177	Ахмат	Шеварнадзе	367hoplitaiffa4@gmail.com	+74914801337
178	Василий	Айтматов	ga6camperaiaf12@ya.ru	+79165435814
179	Андрей	Лаврентьев	b7koneidcd24@gmail.com	+74919374240
180	Дмитрий	Сидоров	didmonkgc77@ya.ru	+74825857083
181	Андрей	Иванов	favorce@mail.ru	+79231351559
182	Алексей	Петров	hgbhh89mexicandc2@gmail.com	+74955038363
183	Леонид	Козловский	ig4koniggfcg@ya.ru	+74824332925
184	Павел	Варенников	bcbg619motobebg161@mail.ru	+79169632855
185	Александр	Палкин	e6kve@mail.ru	+79002848983
186	Василий	Петраускас	e15hackerff4@ya.ru	+79636109302
187	Лев	Матюков	b845zederfh7@ya.ru	+79634249850
188	Павел	Иванов	fdid2mexicanffef4@ya.ru	+79636529510
189	Ганс	Бельдыев	0camperfb13@mail.ru	+74821301206
190	Павел	Шменин	chkvbagh077@mail.ru	+74913111785
191	Илья	Петраускас	cibkvaffaa29@mail.ru	+74828133292
192	Ян	Ульянов	gd80konigba71@gmail.com	+79160196079
193	Лев	Иванов	bcamperehahg6@ya.ru	+74913308510
194	Илья	Тимчук	aahai613lodochnik523@gmail.com	+74918500897
195	Александр	Иванов	cdkvfb8@ya.ru	+78510610487
196	Алексей	Лосев	dha415zederegf063@ya.ru	+74826205967
197	Николай	Цирюльников	fh27kong91@gmail.com	+79009896013
198	Станислав	Кириллов	f8konigccc@mail.ru	+78516799062
199	Евгений	Шеварнадзе	9mexicanfhcfb6@mail.ru	+79168839017
200	Николай	Палкин	konigffg7@gmail.com	+74823677880
201	Кирилл	Лавров	df7hoplith@gmail.com	+79232743881
202	Василий	Петраускас	icampergf223@mail.ru	+79007855409
203	Кирилл	Палкин	gfic72konifhd32@mail.ru	+78517258172
204	Владимир	Мельников	fie6hackergehg@ya.ru	+74958875887
205	Ян	Палкин	ababd26konigfaa6@gmail.com	+79634614882
206	Иосиф	Кириллов	be29lodochnika738@ya.ru	+74826412775
207	Василий	Князев	adagi51motodcfe3@mail.ru	+79230810338
208	Кирилл	Цирюльников	hhigc6favorhhgc2@mail.ru	+74955743136
209	Николай	Варенников	efdcf5jokerb610@mail.ru	+74820211276
210	Ахмат	Шеварнадзе	gddeh8koncf@mail.ru	+79233259990
211	Улугбек	Айтматов	fib468mexicanege@gmail.com	+74912508043
212	Иван	Сидоров	bb71favorgicbg965@gmail.com	+74824748348
213	Евгений	Бельдыев	bgaec139hackerc93@gmail.com	+79631556651
214	Иосиф	Варенников	468monkabf547@ya.ru	+74828972478
215	Руслан	Цирюльников	bdegehoplitei54@mail.ru	+78518886447
216	Кирилл	Тимчук	adhi6konigf@ya.ru	+79639781840
217	Иосиф	Шменин	219tigerbb1@mail.ru	+79631566612
218	Лев	Кириллов	agha600kvcbcb@ya.ru	+79237937950
219	Владимир	Петраускас	21hoplitbeah3@mail.ru	+74911469101
220	Кирилл	Шменин	tigerige2@gmail.com	+74824452654
221	Руслан	Сидоров	af8hackerfagag048@mail.ru	+79236627110
222	Андрей	Айтматов	bfig58tigeribhbc988@gmail.com	+79000504152
223	Евгений	Айтматов	ig9hoplithdeh57@ya.ru	+79631432230
224	Евгений	Айтматов	efbkonig5@ya.ru	+79168321947
225	Павел	Цирюльников	i3tigeredahd20@gmail.com	+79001326321
226	Алексей	Бельдыев	e7hackerfhe6@mail.ru	+79162963427
227	Олег	Айтматов	dfg93jokeriegg@ya.ru	+79168155874
228	Олег	Бельдыев	gggcg7motodebg558@mail.ru	+79000285025
229	Руслан	Цирюльников	geib6kvifcbg965@mail.ru	+74910481149
230	Дмитрий	Князев	ache984mexicang3@mail.ru	+78516724705
231	Леонид	Варенников	ibcib6kvfafb9@mail.ru	+79008218451
232	Ян	Родионов	bdhoplitcfgga@ya.ru	+74820072636
233	Евгений	Шменин	bcfb2konighib93@ya.ru	+79237984610
234	Илья	Варенников	egggemexicanfd300@mail.ru	+79000802632
235	Руслан	Козловский	eab52konf4@gmail.com	+74820536009
236	Алексей	Шеварнадзе	emonkf23@ya.ru	+74950396536
237	Руслан	Айтматов	ccffkonhe417@gmail.com	+74910683348
238	Иван	Варенников	bh5hackeriehcf1@gmail.com	+79162918224
239	Денис	Тимчук	fhbc3jokera71@gmail.com	+78514904382
240	Андрей	Бельдыев	20hackerhbd334@mail.ru	+74958033018
241	Андрей	Кириллов	fb2kv458@gmail.com	+74822234926
242	Евгений	Палкин	69camper@ya.ru	+79233766370
243	Иван	Бельдыев	hagi910hackera77@ya.ru	+79638970908
244	Лев	Шеварнадзе	bhhhackerbf9@ya.ru	+74824244087
245	Иван	Петров	abaffavordfge8@mail.ru	+79003679145
246	Николай	Иванов	dgddcamper@ya.ru	+79006279330
247	Андрей	Тимчук	amexicanhabaf800@mail.ru	+79234469216
248	Павел	Палкин	haafavor@mail.ru	+79232560715
249	Лев	Цирюльников	konigagad43@mail.ru	+79633801109
250	Николай	Козловский	ii6zederh59@ya.ru	+78518257095
251	Кирилл	Иванов	fbg52konig@mail.ru	+74916842316
252	Леонид	Лавров	bdbgakonigdbgif0@gmail.com	+79001660201
253	Иван	Мельников	hbcfh5moto@gmail.com	+79169348063
254	Улугбек	Цирюльников	eggbf2kvdc08@mail.ru	+79632279798
255	Иосиф	Лаврентьев	ha78hacker@mail.ru	+78515748483
256	Николай	Родионов	egfia9lodochnikccah374@ya.ru	+74953042951
257	Илья	Ульянов	deef67zederbc4@ya.ru	+74950162676
258	Ахмат	Лавров	cecbd22hackerii847@mail.ru	+79639667649
259	Леонид	Петраускас	abkvfggi6@gmail.com	+74912368591
260	Леонид	Шеварнадзе	ece828kvhc7@gmail.com	+74955371946
261	Василий	Козловский	hg082hackereec2@gmail.com	+74950500888
262	Леонид	Родионов	eeeci571camperidg0@gmail.com	+79636540841
263	Станислав	Бельдыев	dbkv30@ya.ru	+79162483695
264	Павел	Ложкин	ebi3zederccfha@gmail.com	+74959747934
265	Станислав	Петраускас	ggeb0moto92@gmail.com	+79237764199
266	Ян	Лосев	bhb7monk267@ya.ru	+74911720270
267	Иван	Ульянов	gf80tigerbfd0@mail.ru	+79637321117
268	Леонид	Ульянов	ibc65zedergeh4@mail.ru	+79632860647
269	Владимир	Варенников	ebccf1hoplitffe@gmail.com	+79635320076
270	Ганс	Ульянов	ccab237favor4@mail.ru	+79639338185
271	Денис	Мельников	dmexicanh6@gmail.com	+74820912256
272	Николай	Родионов	afffd1motoagfhe7@mail.ru	+79000414350
273	Лев	Айтматов	bbi3kvihhc@gmail.com	+79163172985
274	Улугбек	Матюков	bf44favor734@gmail.com	+79638611305
275	Андрей	Петраускас	ccha511tigeribddf6@ya.ru	+78510542205
276	Александр	Палкин	daagi17zedercgbi476@gmail.com	+79000494816
277	Лев	Лавров	agghc3hoplitecaa1@gmail.com	+74911757932
278	Олег	Князев	1zederfaaca5@gmail.com	+79237031500
279	Ян	Тимчук	21kond93@mail.ru	+79006087999
280	Андрей	Палкин	fhdhglodochnikfgae185@gmail.com	+79631013851
281	Александр	Кириллов	bdcdhoplitbgbig8@mail.ru	+79635252968
282	Владимир	Мельников	cc3hacker807@ya.ru	+78516769537
283	Кирилл	Кириллов	dabafavor@ya.ru	+78519233530
284	Улугбек	Лавров	3campereci6@gmail.com	+79230367186
285	Александр	Палкин	3hoplit@mail.ru	+78516815043
286	Дмитрий	Айтматов	i557tigeread2@gmail.com	+79233220414
287	Алексей	Князев	019hoplitccc91@gmail.com	+79239422093
288	Евгений	Лаврентьев	9konc31@ya.ru	+74957168025
289	Евгений	Палкин	ci67camperfef@mail.ru	+79634943809
290	Олег	Тимчук	ddfab34konigigec954@ya.ru	+78518481526
291	Василий	Айтматов	f441camperi@gmail.com	+74825459838
292	Алексей	Матюков	hbcjoker63@mail.ru	+79000384618
293	Станислав	Родионов	giffb7favorhcfd3@mail.ru	+74914621187
294	Ян	Матюков	caf80lodochnikhg0@gmail.com	+79632898861
295	Ахмат	Лаврентьев	157favorah9@gmail.com	+74953388303
296	Евгений	Цирюльников	ffjokerhg898@gmail.com	+74911287104
297	Евгений	Шменин	gfkonigf70@ya.ru	+78510589986
298	Руслан	Бельдыев	aihoplit62@ya.ru	+74952105722
299	Андрей	Шменин	ab06monkhig@ya.ru	+79231394079
300	Василий	Кириллов	bh1mexican5@gmail.com	+78513199967
301	Дмитрий	Шменин	eei55mexicanghbb087@gmail.com	+79003627574
302	Станислав	Шеварнадзе	bgdtigerddfb7@ya.ru	+79168369204
303	Дмитрий	Варенников	ahi2monkdhg66@mail.ru	+79239430157
304	Евгений	Айтматов	b9kvgec@gmail.com	+79163307352
305	Евгений	Лавров	aghac63camperbcfba@gmail.com	+78514290141
306	Владимир	Козловский	ceefavordeib@ya.ru	+79006905124
307	Денис	Шменин	eegiijokerh233@ya.ru	+79239765979
308	Алексей	Лаврентьев	i800hackera66@mail.ru	+74826982204
309	Улугбек	Князев	i851camperie@ya.ru	+79630661763
310	Кирилл	Айтматов	g1zederb1@ya.ru	+79005016781
311	Евгений	Лосев	ebgfg741lodochnikdfb@ya.ru	+79169312466
312	Ян	Айтматов	amexicanefi194@mail.ru	+74916255488
313	Алексей	Шеварнадзе	hhackere15@mail.ru	+79637928633
314	Владимир	Палкин	e5tigercbii14@ya.ru	+79166832784
315	Алексей	Айтматов	di2motoedc0@gmail.com	+79005061162
316	Улугбек	Цирюльников	cccd95lodochnikhdiii085@ya.ru	+78517192601
317	Лев	Петраускас	431monkh@mail.ru	+79161287427
318	Руслан	Родионов	e279hoplit9@mail.ru	+79166564444
319	Евгений	Петраускас	chehhackerhihcf4@gmail.com	+79163068549
320	Иван	Сидоров	d00konig83@gmail.com	+74821089995
321	Алексей	Шменин	afcac406motob648@mail.ru	+74827144433
322	Владимир	Шеварнадзе	acba98hacker967@gmail.com	+74820890174
323	Александр	Петров	dggie24hackercfeci617@mail.ru	+74915820649
324	Иван	Ложкин	f30mexicanidiaa48@mail.ru	+74825430901
325	Павел	Ульянов	eezederhgc@mail.ru	+79234870856
326	Евгений	Козловский	fic189campercgegd2@mail.ru	+79638196682
327	Войцех	Лаврентьев	ff492tiger019@mail.ru	+74918513163
328	Александр	Шеварнадзе	hdbmexicandhgef@gmail.com	+78517102971
329	Александр	Ложкин	c84favor236@ya.ru	+79235437860
330	Александр	Шменин	chhe5hackeregi@gmail.com	+74951057189
331	Лев	Тимчук	cage50motob@ya.ru	+79636689789
332	Дмитрий	Ульянов	gfavorfi0@mail.ru	+74951771639
333	Кирилл	Цирюльников	63zederiaahb079@mail.ru	+79231404346
334	Владимир	Сидоров	ekonigaad91@gmail.com	+74952740817
335	Станислав	Родионов	fida4konigibb402@gmail.com	+79009184429
336	Кирилл	Петраускас	aa12konigfd47@mail.ru	+79239897865
337	Евгений	Петраускас	ih12hackerfiagf@gmail.com	+74829404080
338	Лев	Иванов	aflodochnikaahbb@ya.ru	+79631027928
339	Леонид	Лаврентьев	gfgfhackerbcc31@mail.ru	+78511872993
340	Алексей	Варенников	ekvad1@gmail.com	+79167633245
341	Владимир	Ульянов	cgdgi88hacker07@mail.ru	+79163724321
342	Денис	Ложкин	aiahckonigdb@ya.ru	+79163046915
343	Руслан	Тимчук	diei583konigai5@gmail.com	+74953743473
344	Илья	Цирюльников	6monkbfch@ya.ru	+74822718428
345	Улугбек	Бельдыев	ghckonccadc71@mail.ru	+78512852684
346	Руслан	Князев	aig81monkchgh2@ya.ru	+79637416045
347	Евгений	Лавров	abgc1lodochnik0@ya.ru	+79631202321
348	Кирилл	Сидоров	eidtigerc146@mail.ru	+79631172878
349	Ганс	Мельников	ehc443monk@gmail.com	+79632812567
350	Ян	Лавров	habgifavorhgdf16@ya.ru	+79168843129
351	Владимир	Цирюльников	motoheeeg@gmail.com	+74950580062
352	Илья	Лаврентьев	e197konfbig096@mail.ru	+74828638513
353	Александр	Родионов	cbd29tiger59@gmail.com	+78512911944
354	Василий	Петров	i672tigerbha@ya.ru	+74822865013
355	Ахмат	Бельдыев	egeg28hackerc98@ya.ru	+79000527356
356	Павел	Мельников	ib10kvh@gmail.com	+79166488439
357	Денис	Петров	cbf5motoe@ya.ru	+79167611486
358	Ганс	Мельников	91favoreegff409@mail.ru	+74822719722
359	Руслан	Петров	hacker0@gmail.com	+74954635179
360	Кирилл	Тимчук	bbbdh5tigerde78@mail.ru	+79004740987
361	Денис	Лавров	fa2zederbgabf440@mail.ru	+74822805577
362	Ян	Шменин	f0motoadc@mail.ru	+79001717310
363	Ганс	Мельников	ifemotobec9@gmail.com	+79233324955
364	Павел	Лаврентьев	gdahdjokerfheed5@ya.ru	+74821594831
365	Иосиф	Козловский	c9lodochnik08@mail.ru	+74957665718
366	Иван	Ульянов	h40lodochnikecdii593@mail.ru	+74827340535
367	Станислав	Шменин	ciei1camper340@gmail.com	+74826834166
368	Олег	Мельников	ahcg0camper683@ya.ru	+78514410991
369	Алексей	Бельдыев	hcadmexicanbg12@ya.ru	+74824667956
370	Станислав	Тимчук	ieg6kondbdgc@ya.ru	+79165356311
371	Александр	Бельдыев	bdgmonk@mail.ru	+78515217937
372	Александр	Цирюльников	8konga6@ya.ru	+79003554878
373	Улугбек	Кириллов	a21hoplitdhegi@mail.ru	+79235206895
374	Кирилл	Козловский	3motoa754@gmail.com	+79162505569
375	Станислав	Палкин	gg239hackereea81@gmail.com	+74957062536
376	Ян	Бельдыев	ecded550motoah988@ya.ru	+74954197180
377	Александр	Лосев	49joker353@ya.ru	+74827648966
378	Иван	Козловский	ccgf2konigf8@gmail.com	+79003946967
379	Евгений	Шменин	hiihgzederbfd22@ya.ru	+74826995117
380	Иван	Князев	dda67zederbgi331@ya.ru	+79167976214
381	Ганс	Бельдыев	konig77@mail.ru	+79007941782
382	Ян	Айтматов	abe63lodochnikfgh417@gmail.com	+79231033472
383	Евгений	Лосев	ahdbehoplitiba@mail.ru	+79235053363
384	Николай	Цирюльников	cgad274monk787@gmail.com	+79631345491
385	Дмитрий	Мельников	c22jokerf@mail.ru	+74959434313
386	Лев	Шменин	a732lodochnikiaih31@ya.ru	+79164528032
387	Николай	Матюков	bcf49tiger36@mail.ru	+79166187279
388	Денис	Палкин	7camperecf47@ya.ru	+79163047505
389	Дмитрий	Лавров	b133lodochnik@ya.ru	+74954793291
390	Лев	Тимчук	bcbgb5tigerhhb@ya.ru	+74825016980
391	Руслан	Бельдыев	amexicanicgge5@gmail.com	+79235175757
392	Станислав	Тимчук	cghbb2zederbah9@mail.ru	+74827401004
393	Илья	Матюков	ibga107konigiih9@mail.ru	+79232071164
394	Войцех	Козловский	ebhb8tigeria57@gmail.com	+78518252950
395	Владимир	Цирюльников	dcfg3zederc5@ya.ru	+79168165472
396	Илья	Родионов	afe74hoplitfhff@mail.ru	+74826066689
397	Евгений	Козловский	df080konhhcag06@mail.ru	+78513938184
398	Владимир	Иванов	b9monk11@ya.ru	+74918771159
399	Ганс	Ложкин	adg0favorgd03@mail.ru	+79008216331
400	Ян	Тимчук	b362kvfa@gmail.com	+79235049811
401	Леонид	Сидоров	84monkdffhe@mail.ru	+79633157365
402	Олег	Князев	dfavorhgfb1@ya.ru	+79165976878
403	Руслан	Петров	hac74favorfei62@mail.ru	+79230650371
404	Андрей	Тимчук	g98hoplitfh53@ya.ru	+79005186692
405	Иосиф	Айтматов	dacglodochnikbbaf@gmail.com	+79639669506
406	Николай	Матюков	ffe2motoacef@ya.ru	+79630156289
407	Николай	Матюков	ei5jokerhagi4@gmail.com	+78517070753
408	Лев	Сидоров	gf767monkhc@ya.ru	+74916954024
409	Николай	Ульянов	0camperhcbc056@ya.ru	+79635267375
410	Войцех	Бельдыев	hkonigb199@ya.ru	+79638589501
411	Василий	Айтматов	amotoacab@gmail.com	+78515455059
412	Евгений	Бельдыев	feii203mexicanbgi265@mail.ru	+74829656386
413	Станислав	Бельдыев	gghjokerd8@ya.ru	+74916617651
414	Дмитрий	Ложкин	aadgcfavor8@ya.ru	+78516382227
415	Илья	Бельдыев	geeie471monk416@ya.ru	+79235574662
416	Павел	Козловский	adddg6konhggf041@ya.ru	+78510979076
417	Андрей	Лавров	favor597@ya.ru	+74823082310
418	Ян	Бельдыев	790konigdah9@ya.ru	+78510799043
419	Николай	Князев	bbfavorcaf@gmail.com	+79167530551
420	Владимир	Князев	f494kv36@ya.ru	+74820983259
421	Руслан	Сидоров	abg65hacker200@ya.ru	+79166290753
422	Ахмат	Тимчук	bbeid52jokerb0@gmail.com	+78517892352
423	Николай	Ложкин	ahabg88favorbcfcc4@gmail.com	+79239283150
424	Руслан	Ложкин	gceef17konigfbd55@mail.ru	+74820270447
425	Улугбек	Цирюльников	gdf0motohbgf@mail.ru	+74957807311
426	Лев	Родионов	gcdgglodochnikab@gmail.com	+79167864591
427	Владимир	Козловский	adcbd259hoplit@gmail.com	+79160722646
428	Станислав	Варенников	bitigerdgdgi6@mail.ru	+79169874028
429	Станислав	Петров	c4hoplitcaeeg15@gmail.com	+79003210702
430	Денис	Кириллов	hfaeb2konigbchh225@gmail.com	+78516236868
431	Улугбек	Козловский	fbiadmotocc86@gmail.com	+78518837867
432	Евгений	Сидоров	egbec432hoplit0@gmail.com	+79639019245
433	Ахмат	Бельдыев	dahc884kv54@ya.ru	+78513067941
434	Денис	Иванов	gdd16monkbd700@gmail.com	+79637104808
435	Владимир	Лосев	efi0monkcaid09@gmail.com	+74823379956
436	Павел	Лавров	gcb747lodochnikcfadf@ya.ru	+74959446240
437	Станислав	Ульянов	dg57jokered16@ya.ru	+74914092424
438	Руслан	Тимчук	caf160kond4@gmail.com	+74821691409
439	Руслан	Ульянов	aef45zederig9@gmail.com	+74826803204
440	Евгений	Князев	hbeekonigcea590@mail.ru	+74953959921
441	Василий	Бельдыев	motocah@gmail.com	+79635715750
442	Василий	Тимчук	ec787mexicanea173@gmail.com	+78511938692
443	Ахмат	Шеварнадзе	ekonfdcbe156@ya.ru	+79166856325
444	Иосиф	Варенников	gh07kvecbha7@ya.ru	+74957303776
445	Павел	Князев	eaia616camperdch28@mail.ru	+78514310320
446	Улугбек	Мельников	mexicanig5@gmail.com	+74826922975
447	Евгений	Петраускас	ih536mexican@mail.ru	+74910075740
448	Илья	Князев	daeb18camperfbfd62@ya.ru	+78510546458
449	Павел	Шеварнадзе	3monkcgbah803@mail.ru	+74829178946
450	Николай	Шменин	ihghfavorbea17@mail.ru	+79638034999
451	Иван	Лаврентьев	dh9motoai167@mail.ru	+79169363472
452	Евгений	Петраускас	ifi01monkiihib7@gmail.com	+79233959244
453	Руслан	Родионов	ih15monka55@mail.ru	+79633020131
454	Андрей	Ложкин	hg000camperbfaae86@mail.ru	+74914241884
455	Улугбек	Лавров	5hoplitfeb0@gmail.com	+79165681762
456	Лев	Айтматов	effei457motodhh0@ya.ru	+78510401230
457	Владимир	Сидоров	monk9@ya.ru	+78515571697
458	Улугбек	Шеварнадзе	gigf678kon09@ya.ru	+74954367254
459	Ян	Шменин	iieimotoca@gmail.com	+78511990673
460	Николай	Цирюльников	573favorcdbbe2@ya.ru	+74919141343
461	Олег	Козловский	cc191hoplitehd82@ya.ru	+79001416313
462	Александр	Шеварнадзе	ffeee550hoplit3@gmail.com	+79161979020
463	Владимир	Козловский	fcgcgzederigdg5@mail.ru	+74825428425
464	Иван	Шеварнадзе	zederfgbf228@gmail.com	+79164273722
465	Василий	Сидоров	fgf3mexicanb906@mail.ru	+79166486077
466	Руслан	Ложкин	ekonffdi@mail.ru	+74825154066
467	Дмитрий	Кириллов	ca487camperfecc663@ya.ru	+79006719786
468	Ян	Лосев	0jokerihf187@gmail.com	+79005438683
469	Дмитрий	Петраускас	hddd871mexicanbedg804@gmail.com	+78518274357
470	Илья	Мельников	ibagf2favoraf63@mail.ru	+78514482220
471	Павел	Лаврентьев	fd6zeder5@ya.ru	+78512635127
472	Денис	Лаврентьев	65hackerifad684@mail.ru	+79631349784
473	Иван	Мельников	ghehoplitehh46@ya.ru	+78516989098
474	Владимир	Ульянов	bg56hoplitd33@mail.ru	+74954026497
475	Владимир	Лосев	dbchfhackerciaee441@gmail.com	+74913525292
476	Владимир	Князев	efg67zedereaee@ya.ru	+79167542775
477	Ахмат	Петраускас	5jokerga@gmail.com	+78511812264
478	Иван	Петраускас	gfae2moto@ya.ru	+78511553160
479	Ганс	Цирюльников	fg38lodochnik03@ya.ru	+79636691141
480	Олег	Лосев	ehebffavor@gmail.com	+79160028008
481	Ганс	Иванов	iigimonk243@ya.ru	+79168880691
482	Алексей	Петров	ighf7favor@mail.ru	+79166671912
483	Николай	Айтматов	hid43monkd6@gmail.com	+79168322584
484	Василий	Князев	ahacdmonkcc598@ya.ru	+78515917855
485	Иосиф	Айтматов	cgbhhoplitac6@mail.ru	+79009359670
486	Иосиф	Петраускас	caa31favor4@ya.ru	+79004458574
487	Александр	Кириллов	afavorh8@gmail.com	+79004001861
488	Илья	Мельников	4kvfi@ya.ru	+78510119400
489	Илья	Лосев	bedchmexicandiifi1@mail.ru	+74956970699
490	Александр	Лаврентьев	gfeaecamperb650@gmail.com	+79234759480
491	Алексей	Иванов	ihcib4mexican552@ya.ru	+74913206260
492	Денис	Ложкин	9jokerbcbcb8@ya.ru	+79232987751
493	Илья	Князев	ce45kongfc0@mail.ru	+74910399924
494	Ганс	Князев	df67mexicangb48@ya.ru	+79001740542
495	Улугбек	Мельников	i51monkiihg@mail.ru	+74954360075
496	Руслан	Ульянов	kvdi376@ya.ru	+79007554265
497	Николай	Кириллов	g461kvgagf1@gmail.com	+78516496685
498	Иван	Князев	camperhaeg246@ya.ru	+79004906580
499	Иосиф	Родионов	bdea43kv93@ya.ru	+79160587999
500	Руслан	Сидоров	ibf2kveh9@ya.ru	+79631968537
501	Олег	Лосев	cea30lodochnikaghb2@mail.ru	+74914716798
502	Андрей	Лаврентьев	e40camperhi89@ya.ru	+78514069093
503	Войцех	Варенников	iemotogeg51@gmail.com	+79008134964
504	Николай	Ульянов	gd417jokere@gmail.com	+79234158392
505	Войцех	Мельников	afdhkon49@gmail.com	+79167528350
506	Кирилл	Петров	ihoplit@gmail.com	+79003223876
507	Станислав	Иванов	big810monkeghig7@gmail.com	+79161417018
508	Алексей	Лавров	iahgf14favore@ya.ru	+74957642659
509	Олег	Козловский	ddh05tigeraieha0@mail.ru	+79001764053
510	Николай	Сидоров	ci661favorc385@gmail.com	+74912471284
511	Евгений	Кириллов	bkonigdhcg320@ya.ru	+74950217001
512	Павел	Сидоров	gi589lodochnik9@gmail.com	+78510863369
513	Руслан	Иванов	ai21konigced0@gmail.com	+74959007956
514	Андрей	Айтматов	i307moto010@mail.ru	+79630349067
515	Олег	Кириллов	cfhgf5kongc267@gmail.com	+79631599629
516	Ян	Матюков	bidig69camperaahe07@mail.ru	+74913830155
517	Павел	Козловский	07monk@mail.ru	+74954012839
518	Ян	Козловский	291koneg@mail.ru	+74959640299
519	Ахмат	Шеварнадзе	fgkonig8@ya.ru	+79236157249
520	Ганс	Шеварнадзе	aeg114monk7@ya.ru	+74958374766
521	Ян	Бельдыев	ifavor171@mail.ru	+79001187398
522	Ганс	Варенников	id74hackerhcibi23@mail.ru	+74950048590
523	Владимир	Бельдыев	bi247hackerfddcd@mail.ru	+79234756400
524	Василий	Палкин	dh60konbfdcf381@gmail.com	+79232940695
525	Павел	Сидоров	8tigerch1@mail.ru	+74913587748
526	Андрей	Сидоров	d960monkeecb8@gmail.com	+79001685444
527	Иван	Петров	bgf75motohfdhh903@gmail.com	+79630885619
528	Андрей	Шеварнадзе	g96konig308@mail.ru	+74952703385
529	Ахмат	Палкин	bkvhh893@gmail.com	+79161465770
530	Илья	Бельдыев	hbbgfkvbbegi647@ya.ru	+74951837899
531	Дмитрий	Кириллов	gadb86mexicanfacc@ya.ru	+74910533762
532	Иван	Шеварнадзе	aac280kvg78@gmail.com	+79002394939
533	Станислав	Козловский	monk116@mail.ru	+79237467428
534	Василий	Козловский	ebec259lodochnik652@gmail.com	+79632075631
535	Ганс	Тимчук	gaehb81jokerifi0@ya.ru	+74912644496
536	Евгений	Лавров	gbei220hoplitec894@ya.ru	+79164208250
537	Улугбек	Цирюльников	6lodochnikc3@gmail.com	+79238903939
538	Павел	Лаврентьев	a46mexicancba@gmail.com	+74915388359
539	Евгений	Козловский	baddc619kon496@gmail.com	+79008413699
540	Иосиф	Лаврентьев	faabf76lodochnikgbi495@ya.ru	+78518755222
541	Кирилл	Айтматов	chbig03zederbad591@mail.ru	+74917930258
542	Ян	Айтматов	gibhakv@gmail.com	+74821643898
543	Ян	Лаврентьев	eicc5konig9@mail.ru	+79167723898
544	Николай	Лаврентьев	i81mexicanh@mail.ru	+78514230126
545	Павел	Козловский	bb50mexicanhegf@ya.ru	+78516359277
546	Станислав	Айтматов	5hackeraehd028@ya.ru	+79237950572
547	Олег	Козловский	g53kvhfi4@ya.ru	+79236456885
548	Евгений	Бельдыев	mexicanbebi@gmail.com	+74915392094
549	Станислав	Лосев	bhec9hackerda48@mail.ru	+78513737402
550	Ян	Айтматов	47favorii95@gmail.com	+74955571887
551	Ян	Лаврентьев	hdeci87konigdadg4@mail.ru	+74952509008
552	Станислав	Матюков	gha1konigd4@mail.ru	+79638393649
553	Иосиф	Палкин	cbckvecai@gmail.com	+79231616266
554	Станислав	Шеварнадзе	g8hackergiaii58@gmail.com	+78512936485
555	Илья	Сидоров	dacg044monkfei97@ya.ru	+79005701699
556	Ян	Варенников	blodochnikhg376@gmail.com	+78512554638
557	Василий	Шменин	fdha3kvd629@mail.ru	+74826771307
558	Ян	Кириллов	chac52favorade1@ya.ru	+74954193257
559	Илья	Тимчук	bfhkvea10@ya.ru	+79169988224
560	Александр	Ульянов	bib7monk@ya.ru	+79231768710
561	Дмитрий	Матюков	ibh19moto81@ya.ru	+74950610498
562	Войцех	Палкин	dh877monkhd@gmail.com	+74917989986
563	Лев	Родионов	baiakvcbf408@mail.ru	+79004493152
564	Евгений	Палкин	eabbe16koniceh999@gmail.com	+74822033781
565	Дмитрий	Родионов	959konigiea158@ya.ru	+74826956889
566	Руслан	Варенников	fi18kondaic336@ya.ru	+79161820402
567	Кирилл	Петраускас	gbbe37hacker@mail.ru	+74910374993
568	Кирилл	Ульянов	b7hackerac7@gmail.com	+79636451510
569	Ян	Цирюльников	clodochnikff91@ya.ru	+74953607130
570	Александр	Кириллов	fh433lodochnik0@ya.ru	+79230931944
571	Алексей	Бельдыев	ic66hoplit348@ya.ru	+74914043155
572	Станислав	Лавров	iftiger309@gmail.com	+78511031256
573	Руслан	Ульянов	d422konhedfh8@ya.ru	+79004585629
574	Ахмат	Бельдыев	c7camperbbha39@ya.ru	+74823283361
575	Денис	Мельников	fihgzederee400@gmail.com	+79632488915
576	Дмитрий	Кириллов	bacgmonkdeicd027@gmail.com	+79005407419
577	Дмитрий	Цирюльников	eg24favorbdie@gmail.com	+74821271907
578	Павел	Козловский	68zederggi93@gmail.com	+74825750797
579	Денис	Кириллов	53hackerdfc5@ya.ru	+79168641944
580	Василий	Ульянов	idbh660monkbddbg32@gmail.com	+79233668652
581	Дмитрий	Лосев	cgib86favor@ya.ru	+79232537138
582	Ян	Лавров	acakondad015@ya.ru	+74827579378
583	Леонид	Ульянов	edhackeragc7@mail.ru	+74951007975
584	Иосиф	Петров	gbbhe11jokereeh@ya.ru	+74823991518
585	Илья	Лаврентьев	eefavorfgb@ya.ru	+74829109779
586	Илья	Мельников	gaab07camperb984@gmail.com	+79633580746
587	Олег	Кириллов	ihhdatigeriaei45@mail.ru	+74820176379
588	Олег	Шменин	caddf272tigerefcei7@mail.ru	+74826706007
589	Иван	Родионов	fcfh378kvaff456@mail.ru	+79007176366
590	Станислав	Петров	cmexicand4@mail.ru	+79637359631
591	Иван	Лавров	adih4monk497@ya.ru	+78513758154
592	Лев	Палкин	i32kvdbd693@mail.ru	+74916150288
593	Лев	Лосев	ebjoker2@ya.ru	+79000087443
594	Леонид	Козловский	aih777hoplitdh010@mail.ru	+79162170807
595	Ганс	Тимчук	14jokerb32@mail.ru	+74959670551
596	Николай	Ульянов	72konbihfi72@ya.ru	+74951028422
597	Андрей	Родионов	hmexicanfdd@gmail.com	+74826225834
598	Леонид	Родионов	gdhacker564@mail.ru	+74823248555
599	Ганс	Петров	dfeh6kviah7@gmail.com	+74959281761
600	Лев	Лаврентьев	camperefbf16@gmail.com	+79161868522
601	Николай	Ульянов	ibefb065mexican@mail.ru	+79167378263
602	Лев	Палкин	hchfcamperde7@ya.ru	+78512082917
603	Александр	Айтматов	afga799kon787@ya.ru	+79236056624
604	Павел	Лосев	acaha05zederi@mail.ru	+74914327969
605	Леонид	Шменин	cei63konigfh202@gmail.com	+78519122875
606	Илья	Мельников	cc5hackereega@mail.ru	+74914747611
607	Денис	Лавров	iabhe783jokerb3@ya.ru	+74915764817
608	Александр	Варенников	cegkonc61@ya.ru	+79633371202
609	Иосиф	Бельдыев	mexican869@gmail.com	+74914165235
610	Войцех	Шеварнадзе	bi75camper96@mail.ru	+79239690179
611	Илья	Князев	gkonfdhe96@ya.ru	+78512710095
612	Иосиф	Мельников	dbb820motof@mail.ru	+79167397117
613	Ахмат	Сидоров	gidgf63jokereh502@ya.ru	+78512842313
614	Улугбек	Бельдыев	ch601zederi90@ya.ru	+79234063629
615	Войцех	Лавров	icgeb1zedercbdbc347@gmail.com	+74825006945
616	Владимир	Козловский	cace9favorbi@gmail.com	+79169364560
617	Евгений	Сидоров	a21kvhe4@ya.ru	+79009196977
618	Дмитрий	Ложкин	gi624hoplite21@mail.ru	+78515464563
619	Александр	Мельников	hihhc00tigergfi24@gmail.com	+79166860864
620	Дмитрий	Матюков	gbe254mexicandge53@mail.ru	+79162840326
621	Ахмат	Тимчук	81lodochnikeiaea36@ya.ru	+79005624021
622	Павел	Айтматов	fbaff42zederbda3@gmail.com	+79237048518
623	Лев	Ульянов	ed377kon05@mail.ru	+79161015760
624	Евгений	Сидоров	850konh220@ya.ru	+74825650448
625	Денис	Мельников	b0konhe22@gmail.com	+74955043987
626	Алексей	Козловский	bedhdzederdg0@mail.ru	+78519927148
627	Руслан	Лосев	moto54@gmail.com	+79230182206
628	Владимир	Родионов	eaicc715mexicanc891@gmail.com	+74958547152
629	Лев	Лосев	534monk585@mail.ru	+79638761647
630	Руслан	Ульянов	lodochnik@mail.ru	+79639721868
631	Павел	Матюков	64monkae607@ya.ru	+74958843250
632	Денис	Палкин	cccalodochnikh7@gmail.com	+79169835328
633	Станислав	Цирюльников	ehcba708motode@gmail.com	+79009477629
634	Андрей	Лаврентьев	c86konfehdg@gmail.com	+79631502492
635	Леонид	Козловский	hackerfdege200@mail.ru	+78519254202
636	Алексей	Ульянов	ggec7tigerehd69@ya.ru	+74953135681
637	Леонид	Палкин	icfe95hackerega994@mail.ru	+74959363437
638	Денис	Родионов	fg2konigfgh022@ya.ru	+79238392625
639	Лев	Айтматов	ffgig86jokerei3@ya.ru	+79630275792
640	Ахмат	Айтматов	175monk54@mail.ru	+78516628841
641	Денис	Ложкин	ggecf36mexicanbd564@gmail.com	+78514603604
642	Ганс	Тимчук	dhca27zedere72@ya.ru	+78511933374
643	Александр	Варенников	d59hackerb@ya.ru	+74950931738
644	Евгений	Варенников	hoplite93@mail.ru	+79233080261
645	Улугбек	Мельников	bgcicamperfadbe17@mail.ru	+74825808638
646	Олег	Петраускас	motofcib01@ya.ru	+74822881638
647	Андрей	Козловский	df211mexicand6@mail.ru	+74828268587
648	Павел	Петраускас	eiahhackergf39@mail.ru	+79239339865
649	Ганс	Петров	chba109favorbecd@ya.ru	+79003197310
650	Василий	Шеварнадзе	8camper@gmail.com	+78515271457
651	Василий	Сидоров	764lodochnikh1@gmail.com	+74821828680
652	Илья	Шеварнадзе	fghag87hoplitfafcg82@mail.ru	+78514113277
653	Леонид	Палкин	bga62mexicangc@gmail.com	+79164444447
654	Улугбек	Козловский	agkonff@ya.ru	+78510067102
655	Дмитрий	Матюков	aid0jokerfb50@mail.ru	+79162359332
656	Лев	Козловский	aaef58konac@ya.ru	+79003572918
657	Алексей	Князев	fdfmonkhbc966@ya.ru	+74827890022
658	Иван	Варенников	gce39mexican20@gmail.com	+74828311658
659	Николай	Иванов	c50monkaha@gmail.com	+74952144451
660	Андрей	Бельдыев	ga122mexicanf804@mail.ru	+79230509975
661	Евгений	Матюков	i982hacker@ya.ru	+79230118916
662	Иосиф	Палкин	fa3konih7@ya.ru	+79169754727
663	Войцех	Ложкин	fbagmotofhh5@mail.ru	+78518906880
664	Леонид	Иванов	ibfh9koncbc9@ya.ru	+78516434058
665	Улугбек	Кириллов	bcca480zederhed94@gmail.com	+74958026732
666	Николай	Палкин	icg907moto@ya.ru	+79630707049
667	Ян	Сидоров	bhmotogdgia908@mail.ru	+74958661711
668	Ганс	Айтматов	aagba705jokeriifai9@gmail.com	+79230621662
669	Евгений	Варенников	ad111konigdaa80@gmail.com	+79164634599
670	Алексей	Козловский	eidih466monk0@mail.ru	+74917338905
671	Кирилл	Козловский	ibi7hackerag@mail.ru	+79235612283
672	Улугбек	Лавров	gdie8favorfebhc316@mail.ru	+79633198992
673	Евгений	Лосев	e3monkadg@mail.ru	+74912932578
674	Иосиф	Айтматов	imonkifcac516@mail.ru	+74911765045
675	Владимир	Князев	32monkfc57@mail.ru	+74915684355
676	Войцех	Шеварнадзе	bgie39koncbhia058@mail.ru	+78512203956
677	Улугбек	Палкин	6camperhfbbb8@mail.ru	+74827651671
678	Иван	Бельдыев	1monkdfi@ya.ru	+74917756977
679	Иван	Князев	gec245camperh@gmail.com	+79164285663
680	Илья	Родионов	hckve166@mail.ru	+74915131406
681	Андрей	Лосев	hfedf74joker64@mail.ru	+79160010675
682	Улугбек	Цирюльников	bh8hackerhcce@gmail.com	+74829495230
683	Олег	Иванов	ibmotogi@mail.ru	+79160954115
684	Дмитрий	Палкин	eeahi223camper6@ya.ru	+78517259957
685	Николай	Князев	igfkonifd1@ya.ru	+74957950914
686	Олег	Тимчук	gi9hackerggcbc01@ya.ru	+78510146233
687	Ахмат	Матюков	ib418kveee073@gmail.com	+78512792227
688	Кирилл	Ульянов	hchi7lodochnikfcih11@gmail.com	+78514474097
689	Иван	Ложкин	4tiger8@mail.ru	+79160336814
690	Лев	Лавров	fc6kvh7@mail.ru	+74828384100
691	Иосиф	Варенников	22camperhfg497@ya.ru	+74951019900
692	Ахмат	Варенников	9camperecihh@mail.ru	+79635103567
693	Ян	Иванов	e982kon60@mail.ru	+74959789565
694	Дмитрий	Лосев	chgih27konaag30@gmail.com	+78517028029
695	Ганс	Мельников	h338joker675@mail.ru	+74829837524
696	Николай	Ложкин	behe166favoribgf13@mail.ru	+74912306040
697	Александр	Палкин	55lodochnikciibi@mail.ru	+74914118520
698	Александр	Ложкин	e932mexican78@mail.ru	+78513411311
699	Александр	Бельдыев	320hoplithhb62@ya.ru	+74954407001
700	Ахмат	Кириллов	cifavorheh@mail.ru	+74821219574
701	Кирилл	Лаврентьев	ia2monkdeh3@ya.ru	+74912761439
702	Василий	Лосев	iagdh454hoplitdeiac7@ya.ru	+74911605766
703	Кирилл	Палкин	i4motoe@ya.ru	+74912188457
704	Руслан	Бельдыев	i70lodochnikda6@mail.ru	+74827201510
705	Павел	Лаврентьев	ab3monkgci78@ya.ru	+79161581267
706	Дмитрий	Варенников	f190konigbib515@mail.ru	+74820975222
707	Александр	Матюков	bif56koniggbhd@ya.ru	+74912067936
708	Александр	Матюков	bfabg9monk511@gmail.com	+74954844659
709	Иосиф	Кириллов	cacdb585hacker0@ya.ru	+78518185912
710	Леонид	Лосев	33konigd46@mail.ru	+74919457536
711	Павел	Ульянов	ib893tigeregah185@gmail.com	+78512305547
712	Павел	Мельников	aazedercaaf62@ya.ru	+79000007530
713	Александр	Иванов	gb529motoa943@ya.ru	+78512098921
714	Ганс	Кириллов	cfavorhhe@mail.ru	+79632990804
715	Олег	Родионов	e5konigfhc@mail.ru	+74950107237
716	Денис	Лаврентьев	ahh9zederf891@gmail.com	+79632588215
717	Андрей	Сидоров	ei5konigccda585@ya.ru	+79164280306
718	Станислав	Шеварнадзе	hackeraeg29@gmail.com	+74917820239
719	Ян	Айтматов	bccf733konigbcbec08@mail.ru	+79001356624
720	Войцех	Бельдыев	eicdd3tigerhicc71@ya.ru	+79004425380
721	Алексей	Варенников	fi530jokerbf6@ya.ru	+79161661206
722	Илья	Ложкин	dhihmexican8@ya.ru	+74957833638
723	Руслан	Мельников	iihcb540konihda@ya.ru	+79009648281
724	Владимир	Козловский	fiei596lodochnik@gmail.com	+79631532263
725	Ганс	Палкин	beibmonkbf140@gmail.com	+78518940551
726	Денис	Петров	kvbfhd608@gmail.com	+79233738467
727	Василий	Шменин	afe6zeder1@mail.ru	+74910793078
728	Станислав	Палкин	fzederfa@gmail.com	+79237031327
729	Руслан	Петраускас	3zederdh3@mail.ru	+74828538791
730	Войцех	Петров	ch42hacker873@mail.ru	+79635839001
731	Николай	Козловский	adgbzedercf@mail.ru	+74822449486
732	Кирилл	Ульянов	cbaeg20favorgciic148@gmail.com	+79235850595
733	Евгений	Родионов	15favori99@gmail.com	+74822847053
734	Станислав	Князев	b8lodochnik02@gmail.com	+79160784184
735	Войцех	Шменин	bgef1monke@ya.ru	+78511329011
736	Леонид	Матюков	hah15kon9@ya.ru	+74822616299
737	Дмитрий	Цирюльников	fahfd7motoda798@gmail.com	+78512392376
738	Александр	Мельников	dahce517lodochnikhf710@mail.ru	+74912317335
739	Иван	Родионов	ef90kvae8@mail.ru	+78510854047
740	Дмитрий	Петраускас	b193koniggbbee00@mail.ru	+74918354878
741	Иван	Родионов	ghhoplitbaf819@gmail.com	+79235680137
742	Войцех	Ложкин	ea8jokerfidbg44@ya.ru	+79235598556
743	Кирилл	Цирюльников	f3kong88@ya.ru	+74822046825
744	Алексей	Князев	8konhihb@mail.ru	+79167233061
745	Дмитрий	Князев	fci9mexicanfg64@gmail.com	+78510487069
746	Алексей	Родионов	hcd590tigereda390@gmail.com	+79003485906
747	Евгений	Мельников	846jokerc62@mail.ru	+74955277769
748	Иосиф	Сидоров	dfaf9motobdehh224@mail.ru	+79636677953
749	Василий	Лавров	cgcamperhfdde272@ya.ru	+79000284425
750	Василий	Бельдыев	ggaccmotodh0@mail.ru	+79233638450
751	Андрей	Кириллов	konigdg@gmail.com	+79230544774
752	Илья	Шеварнадзе	fgd74zederdia4@ya.ru	+74918181500
753	Леонид	Мельников	idfi85konhaci570@gmail.com	+78516967834
754	Павел	Цирюльников	a17zederb386@ya.ru	+74954823386
755	Дмитрий	Бельдыев	agtiger445@gmail.com	+79164808690
756	Леонид	Тимчук	c382konighc8@ya.ru	+78519806577
757	Кирилл	Ульянов	9mexicanaff20@mail.ru	+74910524885
758	Илья	Лосев	gca0mexicanfheeb@gmail.com	+78510417435
759	Улугбек	Родионов	camotoibga8@ya.ru	+74958392547
760	Иосиф	Петров	idckvec39@ya.ru	+74950081439
761	Леонид	Лаврентьев	egebgkvc3@mail.ru	+79004255299
762	Алексей	Князев	agh722favorfhib50@ya.ru	+79636503627
763	Руслан	Айтматов	chcmonki@mail.ru	+74911019567
764	Павел	Айтматов	i1monkea@ya.ru	+74910180035
765	Руслан	Сидоров	hhcabkonigfc08@gmail.com	+78518898868
766	Павел	Цирюльников	4konehi1@gmail.com	+74829657333
767	Владимир	Тимчук	aahbgtigerbfag0@gmail.com	+79639080091
768	Василий	Родионов	befabhoplitfbhh469@gmail.com	+79639269531
769	Ахмат	Петраускас	436motocef472@mail.ru	+74822897757
770	Улугбек	Тимчук	chjoker411@ya.ru	+79230586237
771	Иосиф	Петраускас	hdfavor@gmail.com	+79004151380
772	Ганс	Князев	feha14favorehhcf06@gmail.com	+78516850908
773	Илья	Князев	665monkgah343@gmail.com	+78518442892
774	Станислав	Тимчук	gcmexicana9@ya.ru	+74825036459
775	Кирилл	Шменин	ceebd2konbbfa@gmail.com	+78511809408
776	Андрей	Петров	1konigfchef176@gmail.com	+79630700293
777	Ганс	Шменин	icghd65kv@ya.ru	+74957935827
778	Лев	Козловский	gb9jokerd@mail.ru	+79234438636
779	Александр	Кириллов	hcaic666mexican212@mail.ru	+79236069142
780	Ганс	Бельдыев	itigerhehh9@ya.ru	+79166774303
781	Илья	Родионов	ief99tigerihcbg420@ya.ru	+78513392155
782	Ганс	Варенников	fbdb1lodochnikaehe8@mail.ru	+74916050519
783	Кирилл	Мельников	dihoplit744@ya.ru	+78519533074
784	Евгений	Лавров	ae3konig741@gmail.com	+74821421757
785	Владимир	Шеварнадзе	7mexicand35@ya.ru	+74827800590
786	Олег	Лаврентьев	aae73camperdhfd7@mail.ru	+78511863947
787	Евгений	Палкин	ibd715kvcfeb880@ya.ru	+78515235836
788	Ян	Князев	c965hoplit@mail.ru	+79237022355
789	Дмитрий	Лавров	ahei54lodochnikh@ya.ru	+74956984301
790	Владимир	Кириллов	gfi01jokericgh80@gmail.com	+79002345738
791	Ахмат	Матюков	f08hackerbic527@gmail.com	+78518199517
792	Иосиф	Лаврентьев	3hoplita7@gmail.com	+79239467862
793	Станислав	Сидоров	eahackerciia449@gmail.com	+79232641147
794	Василий	Лавров	eigg088kon34@mail.ru	+79002026198
795	Павел	Палкин	bihoplit62@mail.ru	+79164366744
796	Андрей	Кириллов	fe80motogbiaf095@ya.ru	+79009631797
797	Андрей	Петраускас	bci1konigagh200@mail.ru	+78517968821
798	Ганс	Лавров	gftigerbbag@ya.ru	+79234244514
799	Иван	Лаврентьев	icg780konigia469@mail.ru	+79168023521
800	Иван	Лавров	abdkonhgd9@ya.ru	+74914404281
801	Станислав	Палкин	egbd131kveh537@mail.ru	+74824918354
802	Павел	Кириллов	igbf348favor840@mail.ru	+79234264205
803	Войцех	Лосев	hackerd96@mail.ru	+79634162504
804	Илья	Родионов	ib77kv36@gmail.com	+79008220855
805	Иосиф	Петров	mexicanh2@mail.ru	+74954033056
806	Дмитрий	Кириллов	i54hoplitdd6@gmail.com	+79161723954
807	Павел	Бельдыев	6jokeridhh501@mail.ru	+74952993702
808	Василий	Айтматов	2favori@gmail.com	+79234944093
809	Андрей	Шеварнадзе	gifeb95favor74@ya.ru	+74953888376
810	Ян	Мельников	fge01kvdfb024@ya.ru	+78510160193
811	Ян	Козловский	ifcig89favorhafeh186@mail.ru	+74958912354
812	Леонид	Петров	c665camper@ya.ru	+79006174735
813	Станислав	Бельдыев	dgacamperigc97@ya.ru	+74952135813
814	Евгений	Петров	zederge@gmail.com	+74917472512
815	Павел	Тимчук	hfbdd9camperdiih126@ya.ru	+74829523985
816	Ганс	Тимчук	diege8camperd749@ya.ru	+74956176093
817	Иван	Шеварнадзе	bcggc4lodochnikhchdc@ya.ru	+74821741994
818	Николай	Родионов	hichackergidac668@mail.ru	+79169007145
819	Войцех	Лосев	dc0hoplit0@gmail.com	+79009709765
820	Олег	Бельдыев	h4jokerhgaie98@gmail.com	+79162695284
821	Владимир	Айтматов	camperhhecg0@mail.ru	+79162643313
822	Василий	Палкин	bmexican19@mail.ru	+79237741399
823	Лев	Ложкин	164hackerddeag@gmail.com	+74826104208
824	Улугбек	Шменин	dfbf497hoplitfg54@ya.ru	+79160977635
825	Василий	Тимчук	defemexicanba2@gmail.com	+79236537999
826	Николай	Родионов	a660tigerigeg54@gmail.com	+74916243420
827	Кирилл	Варенников	ah673hackeri022@gmail.com	+74958501928
828	Николай	Матюков	faeig2zederghfg001@mail.ru	+74826311464
829	Алексей	Козловский	idbic40zederefcf69@gmail.com	+79232117262
830	Станислав	Мельников	joker3@ya.ru	+78514519051
831	Владимир	Кириллов	ficzederbc5@gmail.com	+78515051980
832	Улугбек	Петраускас	hc083motoheieb47@mail.ru	+79232142679
833	Евгений	Мельников	fc29motof@gmail.com	+74956955105
834	Алексей	Родионов	camperfi4@gmail.com	+74950401082
835	Леонид	Бельдыев	g4hackerbhgba51@ya.ru	+74912670862
836	Руслан	Петров	bjoker13@mail.ru	+74958573245
837	Леонид	Лосев	ee07motoh3@mail.ru	+74918437965
838	Николай	Родионов	gh5jokerabaib@gmail.com	+74956083294
839	Ахмат	Бельдыев	ieh447hoplitieae67@ya.ru	+79007727782
840	Денис	Палкин	cge122zeder8@gmail.com	+79000167288
841	Станислав	Князев	c2konig991@ya.ru	+74824568811
842	Олег	Лаврентьев	c91jokerdibea@gmail.com	+79006654773
843	Дмитрий	Палкин	dciaczederggchh2@mail.ru	+74820975740
844	Леонид	Лаврентьев	behc2jokerif1@gmail.com	+78513673112
845	Руслан	Родионов	ddbf2joker@ya.ru	+79163634445
846	Илья	Матюков	ecaatigerbfeb1@ya.ru	+79002106686
847	Николай	Палкин	hh5zedergbi408@mail.ru	+74915685927
848	Иван	Князев	deae096koniddc44@mail.ru	+78514166389
849	Денис	Мельников	524lodochnikhc92@ya.ru	+78512355917
850	Денис	Иванов	bgdkonhdbhd1@ya.ru	+79169315566
851	Руслан	Лаврентьев	gdc44camper3@ya.ru	+79165121371
852	Василий	Козловский	hga675hoplit@ya.ru	+79169149728
853	Денис	Козловский	aagh959monk@gmail.com	+79637212876
854	Лев	Лосев	iad68jokerdc553@gmail.com	+79636782927
855	Улугбек	Бельдыев	gd549lodochnike@mail.ru	+79630017345
856	Иосиф	Петраускас	dhcamperg280@mail.ru	+74824375905
857	Владимир	Петраускас	83hoplitd720@ya.ru	+79004895368
858	Ян	Лавров	2hoplitdcfha78@gmail.com	+74958086399
859	Василий	Сидоров	monka60@ya.ru	+78511891224
860	Олег	Айтматов	monkah344@gmail.com	+74913322984
861	Евгений	Палкин	aegc636zederhegbc026@gmail.com	+74827093505
862	Иван	Матюков	af05motoef@gmail.com	+74825299997
863	Станислав	Петраускас	afdekonigd708@mail.ru	+78514683581
864	Иосиф	Лосев	ccmexicandgega598@ya.ru	+79008842571
865	Николай	Ложкин	ghackerghe44@gmail.com	+74824143244
866	Иосиф	Варенников	dfffcamperg0@gmail.com	+79235727515
867	Илья	Лосев	gf495tigergbf38@gmail.com	+74918380708
868	Руслан	Цирюльников	b44hoplitahiih49@ya.ru	+74911986338
869	Александр	Петров	eh779lodochnikbccb93@mail.ru	+78519499471
870	Иван	Айтматов	76konig@ya.ru	+79005962826
871	Ян	Шменин	egb867favoraedda19@ya.ru	+79166862051
872	Кирилл	Петраускас	ibae1moto93@gmail.com	+74910757876
873	Илья	Лавров	hgb9hoplitfiade542@gmail.com	+74826333858
874	Леонид	Сидоров	a024kvhdfb077@mail.ru	+79169269221
875	Павел	Петраускас	2hackerg9@ya.ru	+78514261482
876	Улугбек	Мельников	gidai188tigerf667@ya.ru	+74912109348
877	Олег	Лосев	a62hoplitehag586@mail.ru	+79006059319
878	Кирилл	Варенников	b0zederic6@gmail.com	+79164392910
879	Дмитрий	Матюков	gbafe4hackerf900@ya.ru	+79234304780
880	Кирилл	Лаврентьев	d13campergc2@gmail.com	+74918307342
881	Денис	Лаврентьев	baie371tigere60@ya.ru	+79165093958
882	Андрей	Варенников	i217monkchd@gmail.com	+79632613424
883	Руслан	Козловский	ba0konifgid@ya.ru	+79162660343
884	Ян	Князев	gaghf4hoplitfge2@gmail.com	+74821505805
885	Ганс	Иванов	fgif78motodcfbd37@mail.ru	+78515839771
886	Иосиф	Козловский	iife00favorg@gmail.com	+74827364182
887	Василий	Князев	ceda87kve64@gmail.com	+79007862310
888	Ян	Айтматов	eeh68joker4@ya.ru	+79631081374
889	Ян	Мельников	bdbijokerhaii892@gmail.com	+74820492762
890	Войцех	Лосев	e17kva@ya.ru	+79230746504
891	Денис	Лавров	a47jokerf185@ya.ru	+74955761236
892	Иван	Ложкин	75monkahda721@gmail.com	+74955430497
893	Иосиф	Тимчук	a145mexican2@mail.ru	+79638894171
894	Леонид	Ульянов	ceeecampere10@gmail.com	+79001483740
895	Павел	Лавров	dhb784jokeradfib@gmail.com	+79000768772
896	Иосиф	Родионов	ctigergbbc88@gmail.com	+74911706476
897	Иосиф	Варенников	ahia5kv@mail.ru	+79631628141
898	Иосиф	Петров	hbbihoplitbfagh50@ya.ru	+74913475928
899	Леонид	Петров	dedzedercg8@gmail.com	+79631057356
900	Ян	Князев	aicfhoplitdg173@gmail.com	+79236810501
901	Евгений	Кириллов	eab03camperfiicb5@ya.ru	+74915641786
902	Лев	Айтматов	949zederifg@mail.ru	+79232430241
903	Ян	Шеварнадзе	fb842mexicanffibf@gmail.com	+79232505884
904	Денис	Петраускас	bfe8monkgcbe32@ya.ru	+79001327861
905	Станислав	Кириллов	gghce6lodochnikcdgf4@gmail.com	+74822055761
906	Дмитрий	Кириллов	cagzederce497@mail.ru	+74957569021
907	Олег	Варенников	fec45konbf57@ya.ru	+79634737582
908	Андрей	Лаврентьев	bcbah937kondh44@mail.ru	+78511438750
909	Ян	Лавров	6tigerii@ya.ru	+79160469345
910	Владимир	Козловский	hb80jokergda9@ya.ru	+74913190659
911	Василий	Кириллов	dgfah19hoplit8@gmail.com	+79634621021
912	Олег	Лосев	fgge4tigerida65@ya.ru	+74827373824
913	Алексей	Тимчук	di64joker7@gmail.com	+79161683369
914	Алексей	Лаврентьев	d972joker8@gmail.com	+79007945804
915	Иосиф	Палкин	dch318hoplitcb@mail.ru	+78515434814
916	Ян	Иванов	b5lodochnik@ya.ru	+79008239704
917	Денис	Лавров	44monkgac0@ya.ru	+74827998126
918	Илья	Матюков	hiid79lodochnikfh7@mail.ru	+74917597575
919	Олег	Шеварнадзе	aagf1lodochnik@mail.ru	+79631645183
920	Илья	Цирюльников	d29zederccf60@gmail.com	+74919965263
921	Улугбек	Ульянов	tigercfbbg623@ya.ru	+79166896255
922	Владимир	Сидоров	gedcifavori639@ya.ru	+79004249762
923	Лев	Айтматов	hg48koniga0@mail.ru	+78510591370
924	Олег	Козловский	hefeg598mexicanbf85@ya.ru	+74915846330
925	Алексей	Лавров	glodochnikhh214@gmail.com	+74820175333
926	Николай	Лаврентьев	gedbbcamperfd05@ya.ru	+79237893213
927	Николай	Цирюльников	e468favoraee0@gmail.com	+79006545858
928	Ян	Цирюльников	edhd65motog321@ya.ru	+74910840345
929	Улугбек	Козловский	4camperd8@mail.ru	+74918688898
930	Александр	Ульянов	ai835zederhed386@gmail.com	+79238577344
931	Евгений	Родионов	ecgdacamperi82@gmail.com	+74915795065
932	Кирилл	Ложкин	mexican8@gmail.com	+74823317756
933	Дмитрий	Палкин	868favorc049@mail.ru	+79167467527
934	Владимир	Ложкин	zederbgfb@ya.ru	+79161075154
935	Александр	Шеварнадзе	tigereefhe@gmail.com	+78512720639
936	Павел	Палкин	g1hoplitia0@ya.ru	+79000111529
937	Иван	Шменин	ai520camperhedi@mail.ru	+79008284619
938	Илья	Лаврентьев	db779jokerfh20@ya.ru	+74954356945
939	Кирилл	Лосев	ai885kveaaa0@ya.ru	+79162512131
940	Денис	Палкин	eagga1mexican22@gmail.com	+79164786073
941	Ян	Цирюльников	gah513kvbd94@gmail.com	+78515485280
942	Иосиф	Цирюльников	131motoii6@mail.ru	+79635667756
943	Кирилл	Шеварнадзе	ddgch9favor@ya.ru	+79162138128
944	Ян	Варенников	cada41motodfag5@ya.ru	+74914749919
945	Владимир	Айтматов	gc47lodochnik@mail.ru	+79237474078
946	Ахмат	Шеварнадзе	5lodochniked347@ya.ru	+79234171593
947	Алексей	Шеварнадзе	egde2hopliti@gmail.com	+74950075774
948	Иван	Родионов	diig8camperaaf349@gmail.com	+79167991784
949	Леонид	Матюков	hfebd3motobfbb478@gmail.com	+74911336306
950	Станислав	Лавров	aihdc177lodochnika98@mail.ru	+74914921767
951	Олег	Цирюльников	e6jokeracf9@gmail.com	+79631294350
952	Денис	Айтматов	if733zederaiice45@ya.ru	+74827262921
953	Иван	Петраускас	i89monkfd853@ya.ru	+74822696423
954	Ганс	Иванов	h331hacker@ya.ru	+79169372900
955	Ахмат	Тимчук	cbh8lodochnikag423@gmail.com	+74917043493
956	Леонид	Тимчук	83kongddd3@mail.ru	+74958013703
957	Лев	Ульянов	16mexicancg05@gmail.com	+74950221801
958	Лев	Иванов	24kva922@gmail.com	+79633984719
959	Александр	Матюков	hfiijoker698@gmail.com	+74910315113
960	Станислав	Айтматов	eie4camperbbde671@gmail.com	+74912796566
961	Улугбек	Шменин	cdihc72hoplita@mail.ru	+79006965200
962	Павел	Кириллов	bg00zederidcb8@ya.ru	+79638034190
963	Ахмат	Иванов	b056tigercbgda83@mail.ru	+79167153741
964	Владимир	Палкин	hdf9konigfbge422@mail.ru	+74918774165
965	Василий	Палкин	ce018mexicanbif978@gmail.com	+78517347756
966	Владимир	Сидоров	gahkondg465@mail.ru	+79235927061
967	Ганс	Родионов	ibei3zedercdh@ya.ru	+79002172563
968	Олег	Лаврентьев	gifdlodochnikhfe2@gmail.com	+79637636850
969	Ганс	Шеварнадзе	iggb98hoplitfaggh639@mail.ru	+79165670913
970	Войцех	Айтматов	ccfhackerb935@mail.ru	+79237682191
971	Александр	Бельдыев	bmexicanff16@ya.ru	+74820411631
972	Дмитрий	Палкин	cg7favoriiigb1@mail.ru	+78516052039
973	Кирилл	Сидоров	aaddi289lodochnikac52@ya.ru	+78512242653
974	Войцех	Палкин	camper67@mail.ru	+79168392480
975	Николай	Бельдыев	eged239lodochnikb1@ya.ru	+74918545439
976	Владимир	Лавров	hefig72motobf743@ya.ru	+74829876752
977	Ганс	Лавров	fbatigera143@mail.ru	+79162609670
978	Николай	Тимчук	5mexicancgcig288@gmail.com	+79002044607
979	Дмитрий	Сидоров	ebe20tigera23@ya.ru	+79164525458
980	Евгений	Цирюльников	af947kvbgf794@gmail.com	+74914706751
981	Иосиф	Шменин	ef709hoplitd84@gmail.com	+74822699820
982	Денис	Палкин	ig699mexican8@mail.ru	+79163763303
983	Руслан	Мельников	dchi957favor422@gmail.com	+79160017913
984	Денис	Шеварнадзе	dai170favor3@ya.ru	+79163939959
985	Иосиф	Матюков	fectigerg476@ya.ru	+74918730934
986	Ян	Ульянов	gkvieaa96@mail.ru	+79166135995
987	Ян	Ульянов	h765lodochnikc@ya.ru	+79634849656
988	Иван	Лавров	dceaikvab23@mail.ru	+74825826643
989	Лев	Иванов	eebec9mexicang617@gmail.com	+79164493561
990	Евгений	Князев	ci6kon657@gmail.com	+79638125601
991	Николай	Ложкин	bee261lodochnikaegf@ya.ru	+74821683334
992	Александр	Петраускас	gdgzederhi170@gmail.com	+79230618706
993	Алексей	Варенников	emexican8@gmail.com	+79635574566
994	Станислав	Варенников	dhh581kv@mail.ru	+79169487536
995	Руслан	Кириллов	aeg362zederb9@gmail.com	+79231542625
996	Иван	Мельников	d46hackerhcegc50@ya.ru	+74828641877
997	Ганс	Шеварнадзе	261hackerbfeg@mail.ru	+74950907054
998	Станислав	Лосев	ddd14favorga8@mail.ru	+79238967862
999	Иван	Лавров	icmexican139@ya.ru	+79164782937
1000	Евгений	Матюков	ggc2tigergb@gmail.com	+79631810149
